language,id,name,url,birth_place,native_language,other_languages,age_of_english_onset,english_learning_method,english_residence,length_of_english_residence,mp3_url,age,sex,has_mp3,length_of_time_speaking_english,sample_length,age_rank,native_language_bool,sex_bool,pair_id,index
korean,238,korean1,https://accent.gmu.edu/browse_language.php?function=detail&speakerid=238,"ui jong bu, south korea",korean,french,13.0,academic,usa,1.1,https://accent.gmu.edu/soundtracks/korean1.mp3,29.0,male,True,16.0,690424.0,,True,True,0,0
korean,239,korean2,https://accent.gmu.edu/browse_language.php?function=detail&speakerid=239,"taegu, south korea",korean,none,14.0,academic,usa,0.1,https://accent.gmu.edu/soundtracks/korean2.mp3,23.0,female,True,9.0,466613.0,,True,False,1,1
korean,241,korean4,https://accent.gmu.edu/browse_language.php?function=detail&speakerid=241,"seoul, south korea",korean,none,15.0,academic,usa,2.0,https://accent.gmu.edu/soundtracks/korean4.mp3,29.0,female,True,14.0,483091.0,,True,False,2,2
korean,242,korean5,https://accent.gmu.edu/browse_language.php?function=detail&speakerid=242,"seoul, south korea",korean,none,12.0,academic,usa,23.0,https://accent.gmu.edu/soundtracks/korean5.mp3,50.0,female,True,38.0,550073.0,,True,False,3,3
korean,243,korean6,https://accent.gmu.edu/browse_language.php?function=detail&speakerid=243,"sunchun, south korea",korean,none,12.0,academic,,0.0,https://accent.gmu.edu/soundtracks/korean6.mp3,21.0,female,True,9.0,372937.0,,True,False,4,4
korean,452,korean8,https://accent.gmu.edu/browse_language.php?function=detail&speakerid=452,"seoul, south korea",korean,none,13.0,academic,usa,10.0,https://accent.gmu.edu/soundtracks/korean8.mp3,39.0,female,True,26.0,690317.0,,True,False,5,5
korean,474,korean9,https://accent.gmu.edu/browse_language.php?function=detail&speakerid=474,"taejon, south korea",korean,japanese,12.0,academic,"uk,australia",2.0,https://accent.gmu.edu/soundtracks/korean9.mp3,34.0,male,True,22.0,360525.0,,True,True,6,6
korean,483,korean10,https://accent.gmu.edu/browse_language.php?function=detail&speakerid=483,"gwangju, south korea",korean,none,13.0,academic,3.5,0.0,https://accent.gmu.edu/soundtracks/korean10.mp3,34.0,male,True,21.0,648695.0,,True,True,7,7
korean,559,korean11,https://accent.gmu.edu/browse_language.php?function=detail&speakerid=559,"seoul, south korea",korean,none,14.0,academic,philippines,0.3,https://accent.gmu.edu/soundtracks/korean11.mp3,26.0,male,True,12.0,372876.0,,True,True,8,8
korean,608,korean12,https://accent.gmu.edu/browse_language.php?function=detail&speakerid=608,"sokcho, south korea",korean,none,31.0,academic,usa,1.0,https://accent.gmu.edu/soundtracks/korean12.mp3,31.0,male,True,0.0,502844.0,,True,True,9,9
korean,759,korean13,https://accent.gmu.edu/browse_language.php?function=detail&speakerid=759,"pusan, south korea",korean,none,12.0,academic,usa,19.0,https://accent.gmu.edu/soundtracks/korean13.mp3,50.0,female,True,38.0,626926.0,,True,False,10,10
korean,1005,korean15,https://accent.gmu.edu/browse_language.php?function=detail&speakerid=1005,"pusan, south korea",korean,japanese,40.0,academic,usa,1.0,https://accent.gmu.edu/soundtracks/korean15.mp3,42.0,male,True,2.0,680878.0,,True,True,11,11
korean,1006,korean16,https://accent.gmu.edu/browse_language.php?function=detail&speakerid=1006,"nonsan, south korea",korean,none,13.0,academic,usa,0.2,https://accent.gmu.edu/soundtracks/korean16.mp3,30.0,female,True,17.0,471477.0,,True,False,12,12
korean,1007,korean17,https://accent.gmu.edu/browse_language.php?function=detail&speakerid=1007,"cheju-do, south korea",korean,none,8.0,academic,usa,0.3,https://accent.gmu.edu/soundtracks/korean17.mp3,21.0,male,True,13.0,531318.0,,True,True,13,13
korean,1118,korean19,https://accent.gmu.edu/browse_language.php?function=detail&speakerid=1118,"seoul, south korea",korean,none,14.0,academic,usa,0.9,https://accent.gmu.edu/soundtracks/korean19.mp3,21.0,female,True,7.0,608908.0,,True,False,14,14
korean,1126,korean20,https://accent.gmu.edu/browse_language.php?function=detail&speakerid=1126,"inchon, south korea",korean,none,13.0,academic,usa,38.0,https://accent.gmu.edu/soundtracks/korean20.mp3,58.0,female,True,45.0,393358.0,,True,False,15,15
korean,1142,korean21,https://accent.gmu.edu/browse_language.php?function=detail&speakerid=1142,"ulsan, south korea",korean,none,12.0,academic,usa,7.0,https://accent.gmu.edu/soundtracks/korean21.mp3,21.0,male,True,9.0,517253.0,,True,True,16,16
korean,1196,korean23,https://accent.gmu.edu/browse_language.php?function=detail&speakerid=1196,"seoul, south korea",korean,japanese,12.0,academic,usa,5.0,https://accent.gmu.edu/soundtracks/korean23.mp3,49.0,female,True,37.0,525056.0,,True,False,17,17
korean,1386,korean25,https://accent.gmu.edu/browse_language.php?function=detail&speakerid=1386,"anseong, kyong gi, south korea",korean,japanese,12.0,academic,usa,6.0,https://accent.gmu.edu/soundtracks/korean25.mp3,34.0,female,True,22.0,632543.0,,True,False,18,18
korean,1507,korean26,https://accent.gmu.edu/browse_language.php?function=detail&speakerid=1507,"seoul, south korea",korean,spanish,21.0,academic,canada,1.2,https://accent.gmu.edu/soundtracks/korean26.mp3,23.0,male,True,2.0,380659.0,,True,True,19,19
korean,1663,korean28,https://accent.gmu.edu/browse_language.php?function=detail&speakerid=1663,"seoul, south korea",korean,spanish,13.0,academic,usa,17.0,https://accent.gmu.edu/soundtracks/korean28.mp3,62.0,female,True,49.0,879958.0,,True,False,20,20
korean,1687,korean29,https://accent.gmu.edu/browse_language.php?function=detail&speakerid=1687,"masan, south korea",korean,japanese,8.0,naturalistic,usa,10.0,https://accent.gmu.edu/soundtracks/korean29.mp3,19.0,female,True,11.0,364211.0,,True,False,21,21
korean,1690,korean30,https://accent.gmu.edu/browse_language.php?function=detail&speakerid=1690,"seoul, south korea",korean,none,14.0,academic,usa,26.0,https://accent.gmu.edu/soundtracks/korean30.mp3,49.0,female,True,35.0,632568.0,,True,False,22,22
korean,1715,korean32,https://accent.gmu.edu/browse_language.php?function=detail&speakerid=1715,"seoul, south korea",korean,none,28.0,naturalistic,usa,7.0,https://accent.gmu.edu/soundtracks/korean32.mp3,35.0,female,True,7.0,714276.0,,True,False,23,23
korean,1722,korean33,https://accent.gmu.edu/browse_language.php?function=detail&speakerid=1722,"seongnam, south korea",korean,japanese,13.0,academic,usa,2.0,https://accent.gmu.edu/soundtracks/korean33.mp3,30.0,female,True,17.0,384426.0,,True,False,24,24
korean,1814,korean34,https://accent.gmu.edu/browse_language.php?function=detail&speakerid=1814,"seoul, south korea",korean,japanese,11.0,academic,usa,6.0,https://accent.gmu.edu/soundtracks/korean34.mp3,20.0,female,True,9.0,656846.0,,True,False,25,25
korean,1815,korean35,https://accent.gmu.edu/browse_language.php?function=detail&speakerid=1815,"gwangju, south korea",korean,japanese german spanish,12.0,academic,usa,6.0,https://accent.gmu.edu/soundtracks/korean35.mp3,48.0,male,True,36.0,611335.0,,True,True,26,26
korean,1838,korean36,https://accent.gmu.edu/browse_language.php?function=detail&speakerid=1838,"taegu, south korea",korean,japanese,12.0,academic,usa,28.0,https://accent.gmu.edu/soundtracks/korean36.mp3,51.0,female,True,39.0,503780.0,,True,False,27,27
korean,1843,korean37,https://accent.gmu.edu/browse_language.php?function=detail&speakerid=1843,"seoul, south korea",korean,none,14.0,academic,usa,13.0,https://accent.gmu.edu/soundtracks/korean37.mp3,27.0,female,True,13.0,388238.0,,True,False,28,28
korean,1862,korean39,https://accent.gmu.edu/browse_language.php?function=detail&speakerid=1862,"pusan, south korea",korean,chinese,14.0,academic,usa,41.0,https://accent.gmu.edu/soundtracks/korean39.mp3,55.0,male,True,41.0,660367.0,,True,True,29,29
korean,1946,korean41,https://accent.gmu.edu/browse_language.php?function=detail&speakerid=1946,"seoul, south korea",korean,none,12.0,academic,usa,9.0,https://accent.gmu.edu/soundtracks/korean41.mp3,50.0,female,True,38.0,407154.0,,True,False,30,30
korean,1982,korean45,https://accent.gmu.edu/browse_language.php?function=detail&speakerid=1982,"inchon, south korea",korean,none,13.0,academic,usa,11.0,https://accent.gmu.edu/soundtracks/korean45.mp3,28.0,male,True,15.0,394943.0,,True,True,31,31
korean,2058,korean47,https://accent.gmu.edu/browse_language.php?function=detail&speakerid=2058,"seoul, south korea",korean,chinese,10.0,academic,usa,10.0,https://accent.gmu.edu/soundtracks/korean47.mp3,23.0,male,True,13.0,477901.0,,True,True,32,32
korean,2075,korean48,https://accent.gmu.edu/browse_language.php?function=detail&speakerid=2075,"seoul, south korea",korean,none,27.0,academic,usa,6.0,https://accent.gmu.edu/soundtracks/korean48.mp3,32.0,male,True,5.0,457766.0,,True,True,33,33
korean,2133,korean50,https://accent.gmu.edu/browse_language.php?function=detail&speakerid=2133,"taejon, south korea",korean,none,13.0,academic,usa,30.0,https://accent.gmu.edu/soundtracks/korean50.mp3,57.0,female,True,44.0,495188.0,,True,False,34,34
korean,2158,korean52,https://accent.gmu.edu/browse_language.php?function=detail&speakerid=2158,"seoul, south korea",korean,none,12.0,academic,usa,2.0,https://accent.gmu.edu/soundtracks/korean52.mp3,40.0,male,True,28.0,386846.0,,True,True,35,35
korean,2244,korean53,https://accent.gmu.edu/browse_language.php?function=detail&speakerid=2244,"seoul, south korea",korean,spanish,9.0,academic,usa,16.0,https://accent.gmu.edu/soundtracks/korean53.mp3,25.0,female,True,16.0,494028.0,,True,False,36,36
korean,2264,korean56,https://accent.gmu.edu/browse_language.php?function=detail&speakerid=2264,"seoul, south korea",korean,tagalog,7.0,naturalistic,usa,3.0,https://accent.gmu.edu/soundtracks/korean56.mp3,20.0,female,True,13.0,453894.0,,True,False,37,37
korean,2267,korean59,https://accent.gmu.edu/browse_language.php?function=detail&speakerid=2267,"seoul, south korea",korean,none,12.0,academic,usa,0.2,https://accent.gmu.edu/soundtracks/korean59.mp3,37.0,female,True,25.0,561838.0,,True,False,38,38
korean,2269,korean60,https://accent.gmu.edu/browse_language.php?function=detail&speakerid=2269,"seoul, south korea",korean,none,7.0,academic,usa,6.0,https://accent.gmu.edu/soundtracks/korean60.mp3,29.0,male,True,22.0,487300.0,,True,True,39,39
korean,2290,korean68,https://accent.gmu.edu/browse_language.php?function=detail&speakerid=2290,"seoul, south korea",korean,spanish,25.0,academic,usa,34.0,https://accent.gmu.edu/soundtracks/korean68.mp3,62.0,female,True,37.0,639224.0,,True,False,40,40
korean,2296,korean69,https://accent.gmu.edu/browse_language.php?function=detail&speakerid=2296,"inchon, south korea",korean,spanish,10.0,academic,usa,12.0,https://accent.gmu.edu/soundtracks/korean69.mp3,23.0,female,True,13.0,421290.0,,True,False,41,41
korean,2307,korean70,https://accent.gmu.edu/browse_language.php?function=detail&speakerid=2307,"seoul, south korea",korean,none,3.0,academic,usa,15.0,https://accent.gmu.edu/soundtracks/korean70.mp3,53.0,female,True,50.0,615638.0,,True,False,42,42
korean,2322,korean71,https://accent.gmu.edu/browse_language.php?function=detail&speakerid=2322,"pusan, south korea",korean,none,12.0,academic,usa,9.5,https://accent.gmu.edu/soundtracks/korean71.mp3,22.0,male,True,10.0,375283.0,,True,True,43,43
korean,2329,korean73,https://accent.gmu.edu/browse_language.php?function=detail&speakerid=2329,"changwon, south korea",korean,chinese japanese,10.0,academic,usa,0.2,https://accent.gmu.edu/soundtracks/korean73.mp3,19.0,female,True,9.0,364160.0,,True,False,44,44
korean,2346,korean74,https://accent.gmu.edu/browse_language.php?function=detail&speakerid=2346,"seoul, south korea",korean,none,10.0,academic,usa,11.0,https://accent.gmu.edu/soundtracks/korean74.mp3,20.0,female,True,10.0,399510.0,,True,False,45,45
korean,2457,korean76,https://accent.gmu.edu/browse_language.php?function=detail&speakerid=2457,"chuncheon, gangwon-do, south korea",korean,japanese,7.0,academic,usa,7.0,https://accent.gmu.edu/soundtracks/korean76.mp3,31.0,female,True,24.0,607956.0,,True,False,46,46
korean,2480,korean77,https://accent.gmu.edu/browse_language.php?function=detail&speakerid=2480,"seoul, south korea",korean,chinese,5.0,academic,usa,0.9,https://accent.gmu.edu/soundtracks/korean77.mp3,20.0,female,True,15.0,389275.0,,True,False,47,47
korean,2484,korean78,https://accent.gmu.edu/browse_language.php?function=detail&speakerid=2484,"inchon, south korea",korean,none,12.0,academic,usa,17.0,https://accent.gmu.edu/soundtracks/korean78.mp3,32.0,female,True,20.0,584757.0,,True,False,48,48
korean,2490,korean80,https://accent.gmu.edu/browse_language.php?function=detail&speakerid=2490,"seoul, south korea",korean,japanese spanish,13.0,academic,usa,19.0,https://accent.gmu.edu/soundtracks/korean80.mp3,42.0,female,True,29.0,433032.0,,True,False,49,49
korean,2515,korean82,https://accent.gmu.edu/browse_language.php?function=detail&speakerid=2515,"pusan, south korea",korean,spanish,8.0,academic,usa,8.5,https://accent.gmu.edu/soundtracks/korean82.mp3,29.0,female,True,21.0,459361.0,,True,False,50,50
korean,2516,korean83,https://accent.gmu.edu/browse_language.php?function=detail&speakerid=2516,"pusan, south korea",korean,japanese,10.0,academic,usa,10.0,https://accent.gmu.edu/soundtracks/korean83.mp3,31.0,male,True,21.0,406833.0,,True,True,51,51
korean,2534,korean88,https://accent.gmu.edu/browse_language.php?function=detail&speakerid=2534,"seoul, south korea",korean,none,9.0,academic,usa,4.0,https://accent.gmu.edu/soundtracks/korean88.mp3,24.0,female,True,15.0,401513.0,,True,False,52,52
korean,2576,korean89,https://accent.gmu.edu/browse_language.php?function=detail&speakerid=2576,"seoul, south korea",korean,none,5.0,academic,usa,2.0,https://accent.gmu.edu/soundtracks/korean89.mp3,18.0,male,True,13.0,451916.0,,True,True,53,53
korean,2605,korean90,https://accent.gmu.edu/browse_language.php?function=detail&speakerid=2605,"seoul, south korea",korean,japanese french,12.0,academic,usa,6.8,https://accent.gmu.edu/soundtracks/korean90.mp3,35.0,female,True,23.0,398490.0,,True,False,54,54
korean,2685,korean91,https://accent.gmu.edu/browse_language.php?function=detail&speakerid=2685,"seoul, south korea",korean,japanese,14.0,academic,usa,7.0,https://accent.gmu.edu/soundtracks/korean91.mp3,43.0,female,True,29.0,503056.0,,True,False,55,55
korean,2777,korean93,https://accent.gmu.edu/browse_language.php?function=detail&speakerid=2777,"seoul, south korea",korean,french,7.0,academic,usa,0.8,https://accent.gmu.edu/soundtracks/korean93.mp3,23.0,female,True,16.0,452511.0,,True,False,56,56
korean,2781,korean94,https://accent.gmu.edu/browse_language.php?function=detail&speakerid=2781,"gwangju, south korea",korean,japanese,8.0,academic,,0.0,https://accent.gmu.edu/soundtracks/korean94.mp3,21.0,female,True,13.0,347990.0,,True,False,57,57
korean,2790,korean95,https://accent.gmu.edu/browse_language.php?function=detail&speakerid=2790,"seoul, south korea",korean,none,13.0,academic,usa,12.0,https://accent.gmu.edu/soundtracks/korean95.mp3,36.0,female,True,23.0,532264.0,,True,False,58,58
english,62,english10,https://accent.gmu.edu/browse_language.php?function=detail&speakerid=62,"davenport, iowa, usa",english,none,0.0,naturalistic,usa,35.0,https://accent.gmu.edu/soundtracks/english10.mp3,35.0,female,True,35.0,345164.0,,False,False,1,59
english,91,english32,https://accent.gmu.edu/browse_language.php?function=detail&speakerid=91,"fresno, california, usa",english,none,0.0,naturalistic,usa,50.0,https://accent.gmu.edu/soundtracks/english32.mp3,50.0,female,True,50.0,360551.0,,False,False,10,60
english,115,english54,https://accent.gmu.edu/browse_language.php?function=detail&speakerid=115,"new albany, indiana, usa",english,none,0.0,naturalistic,usa,40.0,https://accent.gmu.edu/soundtracks/english54.mp3,40.0,female,True,40.0,372262.0,,False,False,41,61
english,121,english6,https://accent.gmu.edu/browse_language.php?function=detail&speakerid=121,"brooklyn, new york, usa",english,french spanish,0.0,naturalistic,usa,45.0,https://accent.gmu.edu/soundtracks/english6.mp3,45.0,female,True,45.0,408814.0,,False,False,38,62
english,146,english82,https://accent.gmu.edu/browse_language.php?function=detail&speakerid=146,"chicago, illinois, usa",english,none,0.0,naturalistic,usa,50.0,https://accent.gmu.edu/soundtracks/english82.mp3,50.0,female,True,50.0,356514.0,,False,False,3,63
english,416,english107,https://accent.gmu.edu/browse_language.php?function=detail&speakerid=416,"chicago, illinois, usa",english,spanish,0.0,naturalistic,usa,19.0,https://accent.gmu.edu/soundtracks/english107.mp3,19.0,male,True,19.0,398240.0,,False,True,31,64
english,511,english139,https://accent.gmu.edu/browse_language.php?function=detail&speakerid=511,"providence, rhode island, usa",english,none,0.0,naturalistic,usa,20.0,https://accent.gmu.edu/soundtracks/english139.mp3,20.0,male,True,20.0,375974.0,,False,True,9,65
english,523,english147,https://accent.gmu.edu/browse_language.php?function=detail&speakerid=523,"merced, california, usa",english,portuguese,0.0,naturalistic,usa,40.0,https://accent.gmu.edu/soundtracks/english147.mp3,40.0,female,True,40.0,403473.0,,False,False,12,66
english,556,english170,https://accent.gmu.edu/browse_language.php?function=detail&speakerid=556,"belmont, mississippi, usa",english,none,0.0,naturalistic,usa,50.0,https://accent.gmu.edu/soundtracks/english170.mp3,50.0,female,True,50.0,381490.0,,False,False,4,67
english,618,english190,https://accent.gmu.edu/browse_language.php?function=detail&speakerid=618,"oak park, illinois, usa",english,spanish koine greek,0.0,naturalistic,usa,28.0,https://accent.gmu.edu/soundtracks/english190.mp3,27.0,male,True,27.0,295954.0,,False,True,11,68
english,679,english205,https://accent.gmu.edu/browse_language.php?function=detail&speakerid=679,"blue earth, minnesota, usa",english,none,0.0,naturalistic,usa,45.0,https://accent.gmu.edu/soundtracks/english205.mp3,45.0,female,True,45.0,308592.0,,False,False,21,69
english,747,english218,https://accent.gmu.edu/browse_language.php?function=detail&speakerid=747,"abingdon, virginia, usa",english,latin spanish,0.0,naturalistic,usa,27.0,https://accent.gmu.edu/soundtracks/english218.mp3,27.0,female,True,27.0,323975.0,,False,False,36,70
english,795,english235,https://accent.gmu.edu/browse_language.php?function=detail&speakerid=795,"richmond, virginia, usa",english,spanish,0.0,naturalistic,usa,52.0,https://accent.gmu.edu/soundtracks/english235.mp3,52.0,female,True,52.0,428827.0,,False,False,2,71
english,818,english242,https://accent.gmu.edu/browse_language.php?function=detail&speakerid=818,"laurel, mississippi, usa",english,none,0.0,naturalistic,usa,77.0,https://accent.gmu.edu/soundtracks/english242.mp3,77.0,female,True,77.0,467531.0,,False,False,50,72
english,918,english276,https://accent.gmu.edu/browse_language.php?function=detail&speakerid=918,"chattanooga, tennessee, usa",english,none,0.0,naturalistic,usa,50.0,https://accent.gmu.edu/soundtracks/english276.mp3,50.0,female,True,50.0,376202.0,,False,False,57,73
english,919,english277,https://accent.gmu.edu/browse_language.php?function=detail&speakerid=919,"hudson, new york, usa",english,german,0.0,naturalistic,usa,42.0,https://accent.gmu.edu/soundtracks/english277.mp3,48.0,female,True,48.0,319430.0,,False,False,37,74
english,1086,english303,https://accent.gmu.edu/browse_language.php?function=detail&speakerid=1086,"anaheim, california, usa",english,arabic,0.0,naturalistic,usa,45.0,https://accent.gmu.edu/soundtracks/english303.mp3,45.0,female,True,45.0,380094.0,,False,False,44,75
english,1119,english313,https://accent.gmu.edu/browse_language.php?function=detail&speakerid=1119,"silver spring, maryland, usa",english,spanish,0.0,naturalistic,usa,28.0,https://accent.gmu.edu/soundtracks/english313.mp3,28.0,male,True,28.0,289410.0,,False,True,13,76
english,1121,english315,https://accent.gmu.edu/browse_language.php?function=detail&speakerid=1121,"los angeles, california, usa",english,none,0.0,naturalistic,usa,25.0,https://accent.gmu.edu/soundtracks/english315.mp3,25.0,male,True,25.0,365267.0,,False,True,53,77
english,1132,english317,https://accent.gmu.edu/browse_language.php?function=detail&speakerid=1132,"burlington, vermont, usa",english,none,0.0,naturalistic,usa,26.0,https://accent.gmu.edu/soundtracks/english317.mp3,26.0,male,True,26.0,388587.0,,False,True,20,78
english,1176,english325,https://accent.gmu.edu/browse_language.php?function=detail&speakerid=1176,"reading, pennsylvania, usa",english,italian,0.0,naturalistic,usa,32.0,https://accent.gmu.edu/soundtracks/english325.mp3,32.0,male,True,32.0,412585.0,,False,True,33,79
english,1207,english329,https://accent.gmu.edu/browse_language.php?function=detail&speakerid=1207,"boise, idaho, usa",english,french,0.0,naturalistic,usa,19.0,https://accent.gmu.edu/soundtracks/english329.mp3,21.0,female,True,21.0,360532.0,,False,False,25,80
english,1236,english347,https://accent.gmu.edu/browse_language.php?function=detail&speakerid=1236,"burnsville, minnesota, usa",english,spanish,0.0,naturalistic,usa,22.0,https://accent.gmu.edu/soundtracks/english347.mp3,22.0,female,True,22.0,390121.0,,False,False,14,81
english,1239,english349,https://accent.gmu.edu/browse_language.php?function=detail&speakerid=1239,"warrenton, virginia, usa",english,none,0.0,naturalistic,usa,24.0,https://accent.gmu.edu/soundtracks/english349.mp3,24.0,female,True,24.0,363532.0,,False,False,52,82
english,1312,english375,https://accent.gmu.edu/browse_language.php?function=detail&speakerid=1312,"manchester, connecticut, usa",english,spanish,0.0,naturalistic,"usa, uk",28.0,https://accent.gmu.edu/soundtracks/english375.mp3,28.0,male,True,28.0,321103.0,,False,True,16,83
english,1325,english382,https://accent.gmu.edu/browse_language.php?function=detail&speakerid=1325,"arlington, virginia, usa",english,none,0.0,naturalistic,usa,29.0,https://accent.gmu.edu/soundtracks/english382.mp3,34.0,male,True,34.0,451086.0,,False,True,40,84
english,1331,english387,https://accent.gmu.edu/browse_language.php?function=detail&speakerid=1331,"lancaster, california, usa",english,spanish,0.0,naturalistic,usa,21.0,https://accent.gmu.edu/soundtracks/english387.mp3,21.0,female,True,21.0,329187.0,,False,False,47,85
english,1341,english396,https://accent.gmu.edu/browse_language.php?function=detail&speakerid=1341,"orange, virginia, usa",english,none,0.0,naturalistic,usa,48.0,https://accent.gmu.edu/soundtracks/english396.mp3,48.0,female,True,48.0,490328.0,,False,False,0,86
english,1372,english412,https://accent.gmu.edu/browse_language.php?function=detail&speakerid=1372,"washington, district of columbia, usa",english,german,0.0,naturalistic,usa,25.0,https://accent.gmu.edu/soundtracks/english412.mp3,31.0,female,True,31.0,310981.0,,False,False,24,87
english,1412,english427,https://accent.gmu.edu/browse_language.php?function=detail&speakerid=1412,"hanover, pennsylvania, usa",english,none,0.0,naturalistic,usa,68.0,https://accent.gmu.edu/soundtracks/english427.mp3,68.0,female,True,68.0,272510.0,,False,False,29,88
english,1413,english428,https://accent.gmu.edu/browse_language.php?function=detail&speakerid=1413,"kingstree, south carolina, usa",english,none,0.0,naturalistic,usa,55.0,https://accent.gmu.edu/soundtracks/english428.mp3,55.0,female,True,55.0,373749.0,,False,False,26,89
english,1477,english437,https://accent.gmu.edu/browse_language.php?function=detail&speakerid=1477,"cleveland, ohio, usa",english,french italian,0.0,naturalistic,usa,21.0,https://accent.gmu.edu/soundtracks/english437.mp3,21.0,male,True,21.0,342694.0,,False,True,22,90
english,1531,english444,https://accent.gmu.edu/browse_language.php?function=detail&speakerid=1531,"anniston, alabama, usa",english,spanish,0.0,naturalistic,usa,24.0,https://accent.gmu.edu/soundtracks/english444.mp3,24.0,male,True,24.0,353262.0,,False,True,34,91
english,1548,english453,https://accent.gmu.edu/browse_language.php?function=detail&speakerid=1548,"chicago, illinois, usa",english,french,0.0,naturalistic,usa,21.0,https://accent.gmu.edu/soundtracks/english453.mp3,21.0,female,True,21.0,350805.0,,False,False,45,92
english,1563,english461,https://accent.gmu.edu/browse_language.php?function=detail&speakerid=1563,"poughkeepsie, new york, usa",english,none,0.0,naturalistic,usa,44.0,https://accent.gmu.edu/soundtracks/english461.mp3,44.0,female,True,44.0,343022.0,,False,False,7,93
english,1637,english466,https://accent.gmu.edu/browse_language.php?function=detail&speakerid=1637,"portland, maine, usa",english,none,0.0,naturalistic,usa,18.0,https://accent.gmu.edu/soundtracks/english466.mp3,18.0,male,True,18.0,337970.0,,False,True,56,94
english,1640,english468,https://accent.gmu.edu/browse_language.php?function=detail&speakerid=1640,"myrtle beach, south carolina, usa",english,"german greek, ancient",0.0,naturalistic,usa,30.0,https://accent.gmu.edu/soundtracks/english468.mp3,30.0,male,True,30.0,363526.0,,False,True,55,95
english,1656,english474,https://accent.gmu.edu/browse_language.php?function=detail&speakerid=1656,"rochester, minnesota, usa",english,spanish,0.0,naturalistic,usa,33.0,https://accent.gmu.edu/soundtracks/english474.mp3,33.0,female,True,33.0,379232.0,,False,False,15,96
english,1674,english485,https://accent.gmu.edu/browse_language.php?function=detail&speakerid=1674,"cromwell, connecticut, usa",english,french,0.0,naturalistic,usa,20.0,https://accent.gmu.edu/soundtracks/english485.mp3,20.0,male,True,20.0,398455.0,,False,True,28,97
english,1719,english494,https://accent.gmu.edu/browse_language.php?function=detail&speakerid=1719,"findlay, ohio, usa",english,korean japanese,0.0,naturalistic,usa,27.5,https://accent.gmu.edu/soundtracks/english494.mp3,27.5,male,True,27.5,353000.0,,False,True,49,98
english,1802,english509,https://accent.gmu.edu/browse_language.php?function=detail&speakerid=1802,"coudersport, pennsylvania, usa",english,spanish,0.0,naturalistic,usa,35.0,https://accent.gmu.edu/soundtracks/english509.mp3,44.0,female,True,44.0,482232.0,,False,False,39,99
english,1876,english517,https://accent.gmu.edu/browse_language.php?function=detail&speakerid=1876,"colorado springs, colorado, usa",english,spanish,0.0,naturalistic,usa,33.0,https://accent.gmu.edu/soundtracks/english517.mp3,33.0,male,True,33.0,280890.0,,False,True,42,100
english,1884,english520,https://accent.gmu.edu/browse_language.php?function=detail&speakerid=1884,"st. paul, minnesota, usa",english,mandarin spanish,0.0,naturalistic,usa,47.0,https://accent.gmu.edu/soundtracks/english520.mp3,47.0,female,True,47.0,420188.0,,False,False,35,101
english,1895,english526,https://accent.gmu.edu/browse_language.php?function=detail&speakerid=1895,"woodbridge, virginia, usa",english,none,0.0,naturalistic,usa,20.0,https://accent.gmu.edu/soundtracks/english526.mp3,20.0,male,True,20.0,363346.0,,False,True,48,102
english,1928,english531,https://accent.gmu.edu/browse_language.php?function=detail&speakerid=1928,"nokesville, virginia, usa",english,japanese french german,0.0,naturalistic,usa,26.0,https://accent.gmu.edu/soundtracks/english531.mp3,29.0,female,True,29.0,368361.0,,False,False,30,103
english,1934,english533,https://accent.gmu.edu/browse_language.php?function=detail&speakerid=1934,"fairfax, virginia, usa",english,spanish,0.0,naturalistic,usa,38.0,https://accent.gmu.edu/soundtracks/english533.mp3,38.0,female,True,38.0,399012.0,,False,False,43,104
english,1957,english537,https://accent.gmu.edu/browse_language.php?function=detail&speakerid=1957,"woodbridge, virginia, usa",english,spanish,0.0,naturalistic,usa,21.0,https://accent.gmu.edu/soundtracks/english537.mp3,21.0,female,True,21.0,371519.0,,False,False,58,105
english,1958,english538,https://accent.gmu.edu/browse_language.php?function=detail&speakerid=1958,"lyndhurst, virginia, usa",english,french american sign language,0.0,naturalistic,usa,20.0,https://accent.gmu.edu/soundtracks/english538.mp3,20.0,female,True,20.0,407928.0,,False,False,54,106
english,1959,english539,https://accent.gmu.edu/browse_language.php?function=detail&speakerid=1959,"orange county, california, usa",english,none,0.0,naturalistic,usa,19.0,https://accent.gmu.edu/soundtracks/english539.mp3,19.0,female,True,19.0,310219.0,,False,False,46,107
english,2043,english552,https://accent.gmu.edu/browse_language.php?function=detail&speakerid=2043,"bethesda, maryland, usa",english,french italian,0.0,naturalistic,USA,20.0,https://accent.gmu.edu/soundtracks/english552.mp3,23.0,female,True,23.0,277521.0,,False,False,5,108
english,2056,english559,https://accent.gmu.edu/browse_language.php?function=detail&speakerid=2056,"reston, virginia, usa",english,spanish,0.0,naturalistic,usa,19.0,https://accent.gmu.edu/soundtracks/english559.mp3,19.0,female,True,19.0,415224.0,,False,False,18,109
english,2074,english563,https://accent.gmu.edu/browse_language.php?function=detail&speakerid=2074,"manassas, virginia, usa",english,none,0.0,naturalistic,usa,32.0,https://accent.gmu.edu/soundtracks/english563.mp3,32.0,male,True,32.0,413130.0,,False,True,27,110
english,2121,english572,https://accent.gmu.edu/browse_language.php?function=detail&speakerid=2121,"fort worth, texas, usa",english,german azerbaijani french,0.0,naturalistic,"usa, uk",48.0,https://accent.gmu.edu/soundtracks/english572.mp3,51.0,male,True,51.0,343399.0,,False,True,6,111
english,2170,english577,https://accent.gmu.edu/browse_language.php?function=detail&speakerid=2170,"san leandro, california, usa",english,none,0.0,naturalistic,usa,38.0,https://accent.gmu.edu/soundtracks/english577.mp3,38.0,female,True,38.0,336075.0,,False,False,19,112
english,2221,english586,https://accent.gmu.edu/browse_language.php?function=detail&speakerid=2221,"chesterfield, virginia, usa",english,spanish,0.0,naturalistic,usa,21.0,https://accent.gmu.edu/soundtracks/english586.mp3,21.0,female,True,21.0,403609.0,,False,False,23,113
english,2376,english592,https://accent.gmu.edu/browse_language.php?function=detail&speakerid=2376,"miami, florida, usa",english,none,0.0,naturalistic,usa,29.0,https://accent.gmu.edu/soundtracks/english592.mp3,29.0,female,True,29.0,363173.0,,False,False,17,114
english,2377,english593,https://accent.gmu.edu/browse_language.php?function=detail&speakerid=2377,"boston, massachusetts, usa",english,spanish french,0.0,naturalistic,usa,24.0,https://accent.gmu.edu/soundtracks/english593.mp3,24.0,female,True,24.0,352176.0,,False,False,8,115
english,2917,english635,https://accent.gmu.edu/browse_language.php?function=detail&speakerid=2917,"vienna, virginia, usa",english,none,0.0,naturalistic,usa,19.0,https://accent.gmu.edu/soundtracks/english635.mp3,19.0,female,True,19.0,320567.0,,False,False,51,116
english,2922,english640,https://accent.gmu.edu/browse_language.php?function=detail&speakerid=2922,"aurora, colorado, usa",english,none,0.0,naturalistic,usa,25.0,https://accent.gmu.edu/soundtracks/english640.mp3,25.0,female,True,25.0,338814.0,,False,False,32,117
